<?xml version="1.0" encoding="UTF-8" standalone="yes"?>
<addon id="zmooseonzloose.github.io" name="zmooseonzloose.github.io" version="1.0" provider-name="mikeborkowski0311">
    <extension point="xbmc.addon.repository" name="Example Repository">
        <dir>
            <info compressed="false">https://raw.githubusercontent.com/mikeborkowski0311/zmooseonzloose.github.io/master/repo/zips/addons.xml</info>
            <checksum>https://raw.githubusercontent.com/mikeborkowski0311/zmooseonzloose.github.io/master/repo/zips/addons.xml.md5</checksum>
            <datadir zip="true">https://raw.githubusercontent.com/mikeborkowski0311/zmooseonzloose.github.io/master/repo/zips/</datadir>
        </dir>
    </extension>
    <extension point="xbmc.addon.metadata">
        <summary>Kodi Installs</summary>
        <description>Test land for standard kodi installs</description>
        <disclaimer></disclaimer>
        <platform>all</platform>
        <assets>
            <icon>icon.png</icon>
            <fanart>fanart.jpg</fanart>
        </assets>
    </extension>
</addon>